road_id,start_lat,start_lon,end_lat,end_lon,speed_limit,road_name
1,37.674664,97.327643,37.643765,-97.311849,70,M-35
2,37.700000,-97.350000,37.720000,-97.360000,60,M-70